{
"lengthUnit": "mil",
"components": {
	"fields": ["COMPONENT_NO", "COMPONENT_NAME", "LAYER", "X_COORDINATE", "Y_COORDINATE", "ANGLE"],
	"rows": [
		[1, "BUZZER1", "T", 3330, -3770, 270],
		[2, "C1", "T", 2890, -2940, 0],
		[3, "C2", "T", 1850, -3250, 270],
		[4, "C3", "T", 1940, -3250, 270],
		[5, "C4", "T", 2615, -3600, 90],
		[6, "C5", "T", 2525, -3600, 90],
		[7, "C6", "T", 1660, -3425, 270],
		[8, "C7", "T", 1780, -3425, 270],
		[9, "C8", "T", 1890, -3430, 270],
		[10, "C9", "T", 1900, -3620, 90],
		[11, "C10", "T", 1810, -3620, 90],
		[12, "C11", "T", 1300, -3630, 90],
		[13, "C12", "T", 1415, -3635, 90],
		[14, "C13", "T", 830, -3970, 0],
		[15, "C15", "T", 630, -3410, 90],
		[16, "C16", "T", 820, -3590, 0],
		[17, "C18", "T", 1110, -3720, 270],
		[18, "C19", "T", 1120, -3430, 90],
		[19, "C24", "T", 1959.52, -4052.73, 90],
		[20, "C25", "T", 2059.52, -4052.73, 90],
		[21, "C26", "T", 2329.52, -4052.73, 90],
		[22, "C27", "T", 2529.52, -4052.73, 90],
		[23, "D1", "T", 1869.52, -4272.73, 90],
		[24, "D2", "T", 1999.52, -4402.73, 270],
		[25, "D3", "T", 2139.52, -4272.73, 90],
		[26, "D4", "T", 1999.52, -4222.73, 270],
		[27, "D5", "T", 2249.52, -4272.73, 90],
		[28, "D6", "T", 2379.52, -4402.73, 270],
		[29, "D7", "T", 2529.52, -4262.73, 90],
		[30, "D8", "T", 2379.52, -4222.73, 270],
		[31, "D9", "T", 2840, -4320, 180],
		[32, "D10", "T", 2669.52, -4262.73, 90],
		[33, "D11", "T", 2820, -3495, 270],
		[34, "D12", "T", 2800, -3340, 90],
		[35, "D13", "T", 3050, -3870, 270],
		[36, "D14", "T", 1500, -4460, 180],
		[37, "D15", "T", 1130, -4460, 180],
		[38, "D16", "T", 805, -4225, 0],
		[39, "F1", "T", 1670, -4450, 0],
		[40, "F2", "T", 1310, -4450, 0],
		[41, "F3", "T", 630, -4205, 90],
		[42, "F4", "T", 950, -4420, 90],
		[43, "H2", "T", 2850, -3900, 90],
		[44, "H3", "T", 3460, -3280, 180],
		[45, "LDO1", "T", 1610, -3620, 270],
		[46, "LED1", "T", 1655, -2930, 90],
		[47, "LED2", "T", 1450, -2930, 90],
		[48, "LED3", "T", 1250, -2930, 90],
		[49, "P1", "T", 2109.52, -4722.73, 0],
		[50, "P2", "T", 2709.52, -4722.73, 0],
		[51, "P4", "T", 3390, -4310, 270],
		[52, "P5", "T", 3309.52, -4722.73, 0],
		[53, "P6", "T", 1569, -4722, 180],
		[54, "P7", "T", 1169, -4721, 180],
		[55, "P8", "T", 770, -4720, 180],
		[56, "P9", "T", 2390, -2940, 180],
		[57, "Q1", "T", 3630, -3640, 90],
		[58, "Q2", "T", 1620, -4110, 90],
		[59, "Q3", "T", 1270, -4110, 90],
		[60, "R1", "T", 1869.52, -4432.73, 90],
		[61, "R2", "T", 1869.52, -4050.54, 90],
		[62, "R3", "T", 2139.52, -4432.73, 90],
		[63, "R4", "T", 2139.52, -4050.54, 90],
		[64, "R5", "T", 2249.52, -4432.73, 90],
		[65, "R6", "T", 2249.52, -4052.73, 90],
		[66, "R7", "T", 2529.52, -4432.73, 90],
		[67, "R8", "T", 2439.52, -4052.73, 90],
		[68, "R9", "T", 2950, -4410, 90],
		[69, "R10", "T", 2950, -4245, 90],
		[70, "R11", "T", 2670, -4410, 90],
		[71, "R12", "T", 3160, -4380, 90],
		[72, "R13", "T", 3160, -4180, 90],
		[73, "R14", "T", 1860, -2980, 180],
		[74, "R15", "T", 1860, -3060, 180],
		[75, "R16", "T", 2480, -3860, 180],
		[76, "R17", "T", 2480, -3780, 180],
		[77, "R18", "T", 1860, -3140, 180],
		[78, "R19", "T", 1660, -3140, 180],
		[79, "R20", "T", 2470, -3080, 90],
		[80, "R21", "T", 2390, -3080, 90],
		[81, "R22", "T", 2310, -3080, 90],
		[82, "R23", "T", 2000, -2940, 0],
		[83, "R24", "T", 3070, -3470, 270],
		[84, "R25", "T", 2990, -3470, 90],
		[85, "R26", "T", 2990, -3330, 90],
		[86, "R27", "T", 3070, -3330, 270],
		[87, "R28", "T", 3630, -3781.68, 270],
		[88, "R29", "T", 3590, -3490, 270],
		[89, "R30", "T", 3670, -3490, 90],
		[90, "R32", "T", 2025, -3870, 270],
		[91, "R33", "T", 2105, -3870, 90],
		[92, "R34", "T", 1470, -3840, 0],
		[93, "R35", "T", 1620, -3840, 0],
		[94, "U1", "T", 2250, -3410, 270],
		[95, "U2", "T", 3250, -2940, 0],
		[96, "U5", "T", 810, -3210, 0],
		[97, "U6", "T", 710, -4385, 0]
	]
},
"pins": {
	"fields": ["PIN_NO", "PIN_NAME", "PIN_X", "PIN_Y", "LAYER", "PIN_TYPE", "NET_NAME", "NET_TYPE", "PAD_SHAPE", "PAD_SIZEX", "PAD_SIZEY", "HOLE_SIZE", "PAD_ANGLE"],
	"rows": [
		[1, "BUZZER1_1", 3330, -3620.39, "T", "DIP", "+5V", "", "C", 70.87, 70.87, 39.37, 270],
		[2, "BUZZER1_1", 3330, -3620.39, "B", "DIP", "+5V", "", "C", 70.87, 70.87, 39.37, 270],
		[3, "BUZZER1_2", 3330, -3919.61, "T", "DIP", "$2N2416", "", "C", 70.87, 70.87, 39.37, 270],
		[4, "BUZZER1_2", 3330, -3919.61, "B", "DIP", "$2N2416", "", "C", 70.87, 70.87, 39.37, 270],
		[5, "C1_1", 2862.44, -2940, "T", "SMD", "GND", "GND", "R", 31.5, 35.43, 0, 0],
		[6, "C1_2", 2917.56, -2940, "T", "SMD", "VCC", "", "R", 31.5, 35.43, 0, 0],
		[7, "C2_1", 1850, -3222.44, "T", "SMD", "GND", "GND", "R", 31.5, 35.43, 0, 270],
		[8, "C2_2", 1850, -3277.56, "T", "SMD", "VCC", "", "R", 31.5, 35.43, 0, 270],
		[9, "C3_1", 1940, -3222.44, "T", "SMD", "GND", "GND", "R", 31.5, 35.43, 0, 270],
		[10, "C3_2", 1940, -3277.56, "T", "SMD", "VCC", "", "R", 31.5, 35.43, 0, 270],
		[11, "C4_1", 2615, -3627.56, "T", "SMD", "GND", "GND", "R", 31.5, 35.43, 0, 90],
		[12, "C4_2", 2615, -3572.44, "T", "SMD", "VCC", "", "R", 31.5, 35.43, 0, 90],
		[13, "C5_1", 2525, -3627.56, "T", "SMD", "GND", "GND", "R", 31.5, 35.43, 0, 90],
		[14, "C5_2", 2525, -3572.44, "T", "SMD", "VCC", "", "R", 31.5, 35.43, 0, 90],
		[15, "C6_1", 1660, -3397.44, "T", "SMD", "GND", "GND", "R", 31.5, 35.43, 0, 270],
		[16, "C6_2", 1660, -3452.56, "T", "SMD", "VCC", "", "R", 31.5, 35.43, 0, 270],
		[17, "C7_1", 1780, -3397.44, "T", "SMD", "GND", "GND", "R", 31.5, 35.43, 0, 270],
		[18, "C7_2", 1780, -3452.56, "T", "SMD", "VCC", "", "R", 31.5, 35.43, 0, 270],
		[19, "C8_1", 1890, -3402.44, "T", "SMD", "GND", "GND", "R", 31.5, 35.43, 0, 270],
		[20, "C8_2", 1890, -3457.56, "T", "SMD", "VCC", "", "R", 31.5, 35.43, 0, 270],
		[21, "C9_1", 1900, -3647.56, "T", "SMD", "GND", "GND", "R", 31.5, 35.43, 0, 90],
		[22, "C9_2", 1900, -3592.44, "T", "SMD", "VCC", "", "R", 31.5, 35.43, 0, 90],
		[23, "C10_1", 1810, -3647.56, "T", "SMD", "GND", "GND", "R", 31.5, 35.43, 0, 90],
		[24, "C10_2", 1810, -3592.44, "T", "SMD", "VCC", "", "R", 31.5, 35.43, 0, 90],
		[25, "C11_1", 1300, -3657.56, "T", "SMD", "GND", "GND", "R", 31.5, 35.43, 0, 90],
		[26, "C11_2", 1300, -3602.44, "T", "SMD", "+5V", "", "R", 31.5, 35.43, 0, 90],
		[27, "C12_1", 1415, -3662.56, "T", "SMD", "GND", "GND", "R", 31.5, 35.43, 0, 90],
		[28, "C12_2", 1415, -3607.44, "T", "SMD", "+5V", "", "R", 31.5, 35.43, 0, 90],
		[29, "C13_1", 731.58, -3970, "T", "DIP", "+12V", "", "C", 62.99, 62.99, 39.37, 0],
		[30, "C13_1", 731.58, -3970, "B", "DIP", "+12V", "", "C", 62.99, 62.99, 39.37, 0],
		[31, "C13_2", 928.42, -3970, "T", "DIP", "GND", "GND", "C", 62.99, 62.99, 39.37, 0],
		[32, "C13_2", 928.42, -3970, "B", "DIP", "GND", "GND", "C", 62.99, 62.99, 39.37, 0],
		[33, "C15_1", 630, -3437.56, "T", "SMD", "GND", "GND", "R", 31.5, 35.43, 0, 90],
		[34, "C15_2", 630, -3382.44, "T", "SMD", "+12V", "", "R", 31.5, 35.43, 0, 90],
		[35, "C16_1", 751.1, -3590, "T", "DIP", "+12V", "", "C", 62.99, 62.99, 39.37, 90],
		[36, "C16_1", 751.1, -3590, "B", "DIP", "+12V", "", "C", 62.99, 62.99, 39.37, 90],
		[37, "C16_2", 888.9, -3590, "T", "DIP", "GND", "GND", "C", 62.99, 62.99, 39.37, 90],
		[38, "C16_2", 888.9, -3590, "B", "DIP", "GND", "GND", "C", 62.99, 62.99, 39.37, 90],
		[39, "C18_1", 1110, -3680.63, "T", "DIP", "+5V", "", "C", 51.18, 51.18, 31.5, 270],
		[40, "C18_1", 1110, -3680.63, "B", "DIP", "+5V", "", "C", 51.18, 51.18, 31.5, 270],
		[41, "C18_2", 1110, -3759.37, "T", "DIP", "GND", "GND", "C", 51.18, 51.18, 31.5, 270],
		[42, "C18_2", 1110, -3759.37, "B", "DIP", "GND", "GND", "C", 51.18, 51.18, 31.5, 270],
		[43, "C19_1", 1120, -3498.9, "T", "DIP", "+5V", "", "C", 62.99, 62.99, 39.37, 180],
		[44, "C19_1", 1120, -3498.9, "B", "DIP", "+5V", "", "C", 62.99, 62.99, 39.37, 180],
		[45, "C19_2", 1120, -3361.1, "T", "DIP", "GND", "GND", "C", 62.99, 62.99, 39.37, 180],
		[46, "C19_2", 1120, -3361.1, "B", "DIP", "GND", "GND", "C", 62.99, 62.99, 39.37, 180],
		[47, "C24_1", 1959.52, -4080.29, "T", "SMD", "GND", "GND", "R", 31.5, 35.43, 0, 90],
		[48, "C24_2", 1959.52, -4025.17, "T", "SMD", "MCU_ZONE_1", "", "R", 31.5, 35.43, 0, 90],
		[49, "C25_1", 2059.52, -4080.29, "T", "SMD", "GND", "GND", "R", 31.5, 35.43, 0, 90],
		[50, "C25_2", 2059.52, -4025.17, "T", "SMD", "MCU_ZONE_2", "", "R", 31.5, 35.43, 0, 90],
		[51, "C26_1", 2329.52, -4080.29, "T", "SMD", "GND", "GND", "R", 31.5, 35.43, 0, 90],
		[52, "C26_2", 2329.52, -4025.17, "T", "SMD", "MCU_ZONE_3", "", "R", 31.5, 35.43, 0, 90],
		[53, "C27_1", 2529.52, -4080.29, "T", "SMD", "GND", "GND", "R", 31.5, 35.43, 0, 90],
		[54, "C27_2", 2529.52, -4025.17, "T", "SMD", "MCU_ZONE_4", "", "R", 31.5, 35.43, 0, 90],
		[55, "D1_1", 1869.52, -4318.9, "T", "SMD", "$2N1236", "", "R", 39.37, 29.53, 0, 90],
		[56, "D1_2", 1869.52, -4226.57, "T", "SMD", "$2N1237", "", "R", 39.37, 29.53, 0, 90],
		[57, "D2_1", 1962.12, -4442.1, "T", "SMD", "GND", "GND", "R", 49.21, 27.56, 0, 270],
		[58, "D2_2", 2036.92, -4442.1, "T", "SMD", "VCC", "", "R", 49.21, 27.56, 0, 270],
		[59, "D2_3", 1999.52, -4363.36, "T", "SMD", "$2N1237", "", "R", 49.21, 27.56, 0, 270],
		[60, "D3_1", 2139.52, -4318.9, "T", "SMD", "$2N1246", "", "R", 39.37, 29.53, 0, 90],
		[61, "D3_2", 2139.52, -4226.57, "T", "SMD", "$2N1245", "", "R", 39.37, 29.53, 0, 90],
		[62, "D4_1", 1962.12, -4262.1, "T", "SMD", "GND", "GND", "R", 49.21, 27.56, 0, 270],
		[63, "D4_2", 2036.92, -4262.1, "T", "SMD", "VCC", "", "R", 49.21, 27.56, 0, 270],
		[64, "D4_3", 1999.52, -4183.36, "T", "SMD", "$2N1245", "", "R", 49.21, 27.56, 0, 270],
		[65, "D5_1", 2249.52, -4318.9, "T", "SMD", "$2N1258", "", "R", 39.37, 29.53, 0, 90],
		[66, "D5_2", 2249.52, -4226.57, "T", "SMD", "$2N1257", "", "R", 39.37, 29.53, 0, 90],
		[67, "D6_1", 2342.12, -4442.1, "T", "SMD", "GND", "GND", "R", 49.21, 27.56, 0, 270],
		[68, "D6_2", 2416.92, -4442.1, "T", "SMD", "VCC", "", "R", 49.21, 27.56, 0, 270],
		[69, "D6_3", 2379.52, -4363.36, "T", "SMD", "$2N1257", "", "R", 49.21, 27.56, 0, 270],
		[70, "D7_1", 2529.52, -4308.9, "T", "SMD", "$2N1251", "", "R", 39.37, 29.53, 0, 90],
		[71, "D7_2", 2529.52, -4216.57, "T", "SMD", "$2N1261", "", "R", 39.37, 29.53, 0, 90],
		[72, "D8_1", 2342.12, -4262.1, "T", "SMD", "GND", "GND", "R", 49.21, 27.56, 0, 270],
		[73, "D8_2", 2416.92, -4262.1, "T", "SMD", "VCC", "", "R", 49.21, 27.56, 0, 270],
		[74, "D8_3", 2379.52, -4183.36, "T", "SMD", "$2N1261", "", "R", 49.21, 27.56, 0, 270],
		[75, "D9_1", 2800.63, -4282.6, "T", "SMD", "GND", "GND", "R", 49.21, 27.56, 0, 180],
		[76, "D9_2", 2800.63, -4357.4, "T", "SMD", "VCC", "", "R", 49.21, 27.56, 0, 180],
		[77, "D9_3", 2879.37, -4320, "T", "SMD", "$2N1215", "", "R", 49.21, 27.56, 0, 180],
		[78, "D10_1", 2669.52, -4308.9, "T", "SMD", "$2N1227", "", "R", 39.37, 29.53, 0, 90],
		[79, "D10_2", 2669.52, -4216.57, "T", "SMD", "MCU_SWITCH", "", "R", 39.37, 29.53, 0, 90],
		[80, "D11_1", 2782.6, -3534.37, "T", "SMD", "GND", "GND", "R", 49.21, 27.56, 0, 270],
		[81, "D11_2", 2857.4, -3534.37, "T", "SMD", "VCC", "", "R", 49.21, 27.56, 0, 270],
		[82, "D11_3", 2820, -3455.63, "T", "SMD", "MCU_I2C_SCL", "", "R", 49.21, 27.56, 0, 270],
		[83, "D12_1", 2837.4, -3300.63, "T", "SMD", "GND", "GND", "R", 49.21, 27.56, 0, 90],
		[84, "D12_2", 2762.6, -3300.63, "T", "SMD", "VCC", "", "R", 49.21, 27.56, 0, 90],
		[85, "D12_3", 2800, -3379.37, "T", "SMD", "MCU_I2C_SDA", "", "R", 49.21, 27.56, 0, 90],
		[86, "D13_1", 3050, -3823.84, "T", "SMD", "+5V", "", "R", 39.37, 29.53, 0, 270],
		[87, "D13_2", 3050, -3916.16, "T", "SMD", "$2N2416", "", "R", 39.37, 29.53, 0, 270],
		[88, "D14_1", 1546.16, -4460, "T", "SMD", "$2N3012", "", "R", 39.37, 29.53, 0, 180],
		[89, "D14_2", 1453.84, -4460, "T", "SMD", "$2N3005", "", "R", 39.37, 29.53, 0, 180],
		[90, "D15_1", 1176.16, -4460, "T", "SMD", "$2N3324", "", "R", 39.37, 29.53, 0, 180],
		[91, "D15_2", 1083.84, -4460, "T", "SMD", "$2N3330", "", "R", 39.37, 29.53, 0, 180],
		[92, "D16_1", 761.79, -4225, "T", "SMD", "+12V", "", "R", 33.27, 17.91, 0, 180],
		[93, "D16_2", 848.21, -4225, "T", "SMD", "GND", "GND", "R", 33.27, 17.91, 0, 180],
		[94, "F1_1", 1613.11, -4450, "T", "SMD", "$2N3012", "", "R", 46.85, 68.03, 0, 0],
		[95, "F1_2", 1726.89, -4450, "T", "SMD", "+12V", "", "R", 46.85, 68.03, 0, 0],
		[96, "F2_1", 1253.11, -4450, "T", "SMD", "$2N3324", "", "R", 46.85, 68.03, 0, 0],
		[97, "F2_2", 1366.89, -4450, "T", "SMD", "+12V", "", "R", 46.85, 68.03, 0, 0],
		[98, "F3_1", 630, -4261.89, "T", "SMD", "$1N9908", "", "R", 46.85, 68.03, 0, 90],
		[99, "F3_2", 630, -4148.11, "T", "SMD", "+12V", "", "R", 46.85, 68.03, 0, 90],
		[100, "F4_1", 950, -4476.89, "T", "SMD", "-IN_12V", "", "R", 46.85, 68.03, 0, 90],
		[101, "F4_2", 950, -4363.11, "T", "SMD", "GND", "GND", "R", 46.85, 68.03, 0, 90],
		[102, "H2_1", 2850, -4100, "T", "DIP", "B-TOOTH_RX", "", "R", 62, 62, 40.16, 90],
		[103, "H2_1", 2850, -4100, "B", "DIP", "B-TOOTH_RX", "", "R", 62, 62, 40.16, 90],
		[104, "H2_2", 2850, -4000, "T", "DIP", "B-TOOTH_TX", "", "C", 62, 62, 40.16, 90],
		[105, "H2_2", 2850, -4000, "B", "DIP", "B-TOOTH_TX", "", "C", 62, 62, 40.16, 90],
		[106, "H2_3", 2850, -3900, "T", "DIP", "GND", "GND", "C", 62, 62, 40.16, 90],
		[107, "H2_3", 2850, -3900, "B", "DIP", "GND", "GND", "C", 62, 62, 40.16, 90],
		[108, "H2_4", 2850, -3800, "T", "DIP", "+5V", "", "C", 62, 62, 40.16, 90],
		[109, "H2_4", 2850, -3800, "B", "DIP", "+5V", "", "C", 62, 62, 40.16, 90],
		[110, "H2_5", 2850, -3700, "T", "DIP", "B-TOOTH_EN", "", "C", 62, 62, 40.16, 90],
		[111, "H2_5", 2850, -3700, "B", "DIP", "B-TOOTH_EN", "", "C", 62, 62, 40.16, 90],
		[112, "H3_1", 3610, -3280, "T", "DIP", "+5V", "", "R", 66.93, 66.93, 43.31, 180],
		[113, "H3_1", 3610, -3280, "B", "DIP", "+5V", "", "R", 66.93, 66.93, 43.31, 180],
		[114, "H3_2", 3510, -3280, "T", "DIP", "I2C_SCL", "", "C", 66.93, 66.93, 43.31, 180],
		[115, "H3_2", 3510, -3280, "B", "DIP", "I2C_SCL", "", "C", 66.93, 66.93, 43.31, 180],
		[116, "H3_3", 3410, -3280, "T", "DIP", "I2C_SDA", "", "C", 66.93, 66.93, 43.31, 180],
		[117, "H3_3", 3410, -3280, "B", "DIP", "I2C_SDA", "", "C", 66.93, 66.93, 43.31, 180],
		[118, "H3_4", 3310, -3280, "T", "DIP", "GND", "GND", "C", 66.93, 66.93, 43.31, 180],
		[119, "H3_4", 3310, -3280, "B", "DIP", "GND", "GND", "C", 66.93, 66.93, 43.31, 180],
		[120, "LDO1_1", 1564.58, -3582.6, "T", "SMD", "+5V", "", "R", 19.29, 45.55, 0, 270],
		[121, "LDO1_2", 1564.58, -3620, "T", "SMD", "GND", "GND", "R", 19.29, 45.55, 0, 270],
		[122, "LDO1_3", 1564.58, -3657.4, "T", "SMD", "+5V", "", "R", 19.29, 45.55, 0, 270],
		[123, "LDO1_4", 1655.42, -3657.4, "T", "SMD", "LDO1_4", "", "R", 19.29, 46.26, 0, 270],
		[124, "LDO1_5", 1655.42, -3582.6, "T", "SMD", "VCC", "", "R", 19.29, 46.26, 0, 270],
		[125, "LED1_1", 1655, -2888.65, "T", "SMD", "VCC", "", "R", 39.37, 55.1, 0, 270],
		[126, "LED1_2", 1655, -2971.35, "T", "SMD", "$1N2276", "", "R", 39.37, 55.1, 0, 270],
		[127, "LED2_1", 1450, -2973.31, "T", "SMD", "$1N2278", "", "R", 39.37, 49.21, 0, 270],
		[128, "LED2_2", 1450, -2886.69, "T", "SMD", "VCC", "", "R", 39.37, 49.21, 0, 270],
		[129, "LED3_1", 1250, -2973.31, "T", "SMD", "$1N5420", "", "R", 39.37, 49.21, 0, 270],
		[130, "LED3_2", 1250, -2886.69, "T", "SMD", "VCC", "", "R", 39.37, 49.21, 0, 270],
		[131, "P1_1", 1909.52, -4722.73, "T", "DIP", "ZONE_1", "", "C", 78.74, 78.74, 51.18, 180],
		[132, "P1_1", 1909.52, -4722.73, "B", "DIP", "ZONE_1", "", "C", 78.74, 78.74, 51.18, 180],
		[133, "P1_2", 2109.52, -4722.73, "T", "DIP", "GND", "GND", "C", 78.74, 78.74, 51.18, 180],
		[134, "P1_2", 2109.52, -4722.73, "B", "DIP", "GND", "GND", "C", 78.74, 78.74, 51.18, 180],
		[135, "P1_3", 2309.52, -4722.73, "T", "DIP", "ZONE_2", "", "C", 78.74, 78.74, 51.18, 180],
		[136, "P1_3", 2309.52, -4722.73, "B", "DIP", "ZONE_2", "", "C", 78.74, 78.74, 51.18, 180],
		[137, "P2_1", 2509.52, -4722.73, "T", "DIP", "ZONE_3", "", "C", 78.74, 78.74, 51.18, 180],
		[138, "P2_1", 2509.52, -4722.73, "B", "DIP", "ZONE_3", "", "C", 78.74, 78.74, 51.18, 180],
		[139, "P2_2", 2709.52, -4722.73, "T", "DIP", "GND", "GND", "C", 78.74, 78.74, 51.18, 180],
		[140, "P2_2", 2709.52, -4722.73, "B", "DIP", "GND", "GND", "C", 78.74, 78.74, 51.18, 180],
		[141, "P2_3", 2909.52, -4722.73, "T", "DIP", "ZONE_4", "", "C", 78.74, 78.74, 51.18, 180],
		[142, "P2_3", 2909.52, -4722.73, "B", "DIP", "ZONE_4", "", "C", 78.74, 78.74, 51.18, 180],
		[143, "P4_1", 3390, -4210, "T", "DIP", "ZONE_STATUS", "", "C", 78.74, 78.74, 51.18, 90],
		[144, "P4_1", 3390, -4210, "B", "DIP", "ZONE_STATUS", "", "C", 78.74, 78.74, 51.18, 90],
		[145, "P4_2", 3390, -4410, "T", "DIP", "ARM_STATUS", "", "C", 78.74, 78.74, 51.18, 90],
		[146, "P4_2", 3390, -4410, "B", "DIP", "ARM_STATUS", "", "C", 78.74, 78.74, 51.18, 90],
		[147, "P5_1", 3109.52, -4722.73, "T", "DIP", "SWITCH", "", "C", 78.74, 78.74, 51.18, 180],
		[148, "P5_1", 3109.52, -4722.73, "B", "DIP", "SWITCH", "", "C", 78.74, 78.74, 51.18, 180],
		[149, "P5_2", 3309.52, -4722.73, "T", "DIP", "GND", "GND", "C", 78.74, 78.74, 51.18, 180],
		[150, "P5_2", 3309.52, -4722.73, "B", "DIP", "GND", "GND", "C", 78.74, 78.74, 51.18, 180],
		[151, "P5_3", 3509.52, -4722.73, "T", "DIP", "ADC_SWITCH", "", "C", 78.74, 78.74, 51.18, 180],
		[152, "P5_3", 3509.52, -4722.73, "B", "DIP", "ADC_SWITCH", "", "C", 78.74, 78.74, 51.18, 180],
		[153, "P6_1", 1669, -4722, "T", "DIP", "$2N3012", "", "C", 78.74, 78.74, 51.18, 0],
		[154, "P6_1", 1669, -4722, "B", "DIP", "$2N3012", "", "C", 78.74, 78.74, 51.18, 0],
		[155, "P6_2", 1469, -4722, "T", "DIP", "$2N3005", "", "C", 78.74, 78.74, 51.18, 0],
		[156, "P6_2", 1469, -4722, "B", "DIP", "$2N3005", "", "C", 78.74, 78.74, 51.18, 0],
		[157, "P7_1", 1269, -4721, "T", "DIP", "$2N3324", "", "C", 78.74, 78.74, 51.18, 0],
		[158, "P7_1", 1269, -4721, "B", "DIP", "$2N3324", "", "C", 78.74, 78.74, 51.18, 0],
		[159, "P7_2", 1069, -4721, "T", "DIP", "$2N3330", "", "C", 78.74, 78.74, 51.18, 0],
		[160, "P7_2", 1069, -4721, "B", "DIP", "$2N3330", "", "C", 78.74, 78.74, 51.18, 0],
		[161, "P8_1", 870, -4720, "T", "DIP", "-IN_12V", "", "C", 78.74, 78.74, 51.18, 0],
		[162, "P8_1", 870, -4720, "B", "DIP", "-IN_12V", "", "C", 78.74, 78.74, 51.18, 0],
		[163, "P8_2", 670, -4720, "T", "DIP", "+IN_12V", "", "C", 78.74, 78.74, 51.18, 0],
		[164, "P8_2", 670, -4720, "B", "DIP", "+IN_12V", "", "C", 78.74, 78.74, 51.18, 0],
		[165, "P9_1", 2640, -2940, "T", "DIP", "GND", "GND", "R", 70.87, 70.87, 40.16, 180],
		[166, "P9_1", 2640, -2940, "B", "DIP", "GND", "GND", "R", 70.87, 70.87, 40.16, 180],
		[167, "P9_2", 2540, -2940, "T", "DIP", "VCC", "", "C", 62.99, 62.99, 40.16, 180],
		[168, "P9_2", 2540, -2940, "B", "DIP", "VCC", "", "C", 62.99, 62.99, 40.16, 180],
		[169, "P9_3", 2440, -2940, "T", "DIP", "RF_D0", "", "C", 62.99, 62.99, 40.16, 180],
		[170, "P9_3", 2440, -2940, "B", "DIP", "RF_D0", "", "C", 62.99, 62.99, 40.16, 180],
		[171, "P9_4", 2340, -2940, "T", "DIP", "RF_D1", "", "C", 62.99, 62.99, 40.16, 180],
		[172, "P9_4", 2340, -2940, "B", "DIP", "RF_D1", "", "C", 62.99, 62.99, 40.16, 180],
		[173, "P9_5", 2240, -2940, "T", "DIP", "RF_D2", "", "C", 62.99, 62.99, 40.16, 180],
		[174, "P9_5", 2240, -2940, "B", "DIP", "RF_D2", "", "C", 62.99, 62.99, 40.16, 180],
		[175, "P9_6", 2140, -2940, "T", "DIP", "RF_D3", "", "C", 62.99, 62.99, 40.16, 180],
		[176, "P9_6", 2140, -2940, "B", "DIP", "RF_D3", "", "C", 62.99, 62.99, 40.16, 180],
		[177, "Q1_1", 3667.4, -3600.63, "T", "SMD", "$2N2519", "", "R", 49.21, 27.56, 0, 90],
		[178, "Q1_2", 3592.6, -3600.63, "T", "SMD", "GND", "GND", "R", 49.21, 27.56, 0, 90],
		[179, "Q1_3", 3630, -3679.37, "T", "SMD", "$2N2418", "", "R", 49.21, 27.56, 0, 90],
		[180, "Q2_1", 1710, -3973.19, "T", "SMD", "$2N2755", "", "R", 98.42, 47.24, 0, 90],
		[181, "Q2_2", 1620, -4246.81, "T", "SMD", "$2N3005", "", "R", 255.91, 236.22, 0, 90],
		[182, "Q2_3", 1530, -3973.19, "T", "SMD", "GND", "GND", "R", 98.42, 47.24, 0, 90],
		[183, "Q3_1", 1360, -3973.19, "T", "SMD", "$2N3341", "", "R", 98.42, 47.24, 0, 90],
		[184, "Q3_2", 1270, -4246.81, "T", "SMD", "$2N3330", "", "R", 255.91, 236.22, 0, 90],
		[185, "Q3_3", 1180, -3973.19, "T", "SMD", "GND", "GND", "R", 98.42, 47.24, 0, 90],
		[186, "R1_1", 1869.52, -4462.39, "T", "SMD", "ZONE_1", "", "R", 31.75, 34.02, 0, 90],
		[187, "R1_2", 1869.52, -4403.07, "T", "SMD", "$2N1236", "", "R", 31.75, 34.02, 0, 90],
		[188, "R2_1", 1869.52, -4080.2, "T", "SMD", "$2N1237", "", "R", 31.75, 34.02, 0, 90],
		[189, "R2_2", 1869.52, -4020.88, "T", "SMD", "MCU_ZONE_1", "", "R", 31.75, 34.02, 0, 90],
		[190, "R3_1", 2139.52, -4462.39, "T", "SMD", "ZONE_2", "", "R", 31.75, 34.02, 0, 90],
		[191, "R3_2", 2139.52, -4403.07, "T", "SMD", "$2N1246", "", "R", 31.75, 34.02, 0, 90],
		[192, "R4_1", 2139.52, -4080.2, "T", "SMD", "$2N1245", "", "R", 31.75, 34.02, 0, 90],
		[193, "R4_2", 2139.52, -4020.88, "T", "SMD", "MCU_ZONE_2", "", "R", 31.75, 34.02, 0, 90],
		[194, "R5_1", 2249.52, -4462.39, "T", "SMD", "ZONE_3", "", "R", 31.75, 34.02, 0, 90],
		[195, "R5_2", 2249.52, -4403.07, "T", "SMD", "$2N1258", "", "R", 31.75, 34.02, 0, 90],
		[196, "R6_1", 2249.52, -4082.39, "T", "SMD", "$2N1257", "", "R", 31.75, 34.02, 0, 90],
		[197, "R6_2", 2249.52, -4023.07, "T", "SMD", "MCU_ZONE_3", "", "R", 31.75, 34.02, 0, 90],
		[198, "R7_1", 2529.52, -4462.39, "T", "SMD", "ZONE_4", "", "R", 31.75, 34.02, 0, 90],
		[199, "R7_2", 2529.52, -4403.07, "T", "SMD", "$2N1251", "", "R", 31.75, 34.02, 0, 90],
		[200, "R8_1", 2439.52, -4082.39, "T", "SMD", "$2N1261", "", "R", 31.75, 34.02, 0, 90],
		[201, "R8_2", 2439.52, -4023.07, "T", "SMD", "MCU_ZONE_4", "", "R", 31.75, 34.02, 0, 90],
		[202, "R9_1", 2950, -4439.66, "T", "SMD", "ADC_SWITCH", "", "R", 31.75, 34.02, 0, 90],
		[203, "R9_2", 2950, -4380.34, "T", "SMD", "$2N1215", "", "R", 31.75, 34.02, 0, 90],
		[204, "R10_1", 2950, -4274.66, "T", "SMD", "$2N1215", "", "R", 31.75, 34.02, 0, 90],
		[205, "R10_2", 2950, -4215.34, "T", "SMD", "MCU_ADC_SWITCH", "", "R", 31.75, 34.02, 0, 90],
		[206, "R11_1", 2670, -4439.66, "T", "SMD", "SWITCH", "", "R", 31.75, 34.02, 0, 90],
		[207, "R11_2", 2670, -4380.34, "T", "SMD", "$2N1227", "", "R", 31.75, 34.02, 0, 90],
		[208, "R12_1", 3160, -4409.66, "T", "SMD", "ARM_STATUS", "", "R", 31.75, 34.02, 0, 90],
		[209, "R12_2", 3160, -4350.34, "T", "SMD", "MCU_ARM_LED", "", "R", 31.75, 34.02, 0, 90],
		[210, "R13_1", 3160, -4209.66, "T", "SMD", "ZONE_STATUS", "", "R", 31.75, 34.02, 0, 90],
		[211, "R13_2", 3160, -4150.34, "T", "SMD", "MCU_ZONE_LED", "", "R", 31.75, 34.02, 0, 90],
		[212, "R14_1", 1889.66, -2980, "T", "SMD", "CONNECT_LED", "", "R", 31.75, 34.02, 0, 180],
		[213, "R14_2", 1830.34, -2980, "T", "SMD", "$1N2276", "", "R", 31.75, 34.02, 0, 180],
		[214, "R15_1", 1889.66, -3060, "T", "SMD", "WDOG_LED", "", "R", 31.75, 34.02, 0, 180],
		[215, "R15_2", 1830.34, -3060, "T", "SMD", "$1N2278", "", "R", 31.75, 34.02, 0, 180],
		[216, "R16_1", 2509.66, -3860, "T", "SMD", "B-TOOTH_RX", "", "R", 31.75, 34.02, 0, 180],
		[217, "R16_2", 2450.34, -3860, "T", "SMD", "MCU_TX", "", "R", 31.75, 34.02, 0, 180],
		[218, "R17_1", 2509.66, -3780, "T", "SMD", "B-TOOTH_TX", "", "R", 31.75, 34.02, 0, 180],
		[219, "R17_2", 2450.34, -3780, "T", "SMD", "MCU_RX", "", "R", 31.75, 34.02, 0, 180],
		[220, "R18_1", 1889.66, -3140, "T", "SMD", "MCU_BOOT", "", "R", 31.75, 34.02, 0, 180],
		[221, "R18_2", 1830.34, -3140, "T", "SMD", "GND", "GND", "R", 31.75, 34.02, 0, 180],
		[222, "R19_1", 1689.66, -3140, "T", "SMD", "BLUE_LED", "", "R", 31.75, 34.02, 0, 180],
		[223, "R19_2", 1630.34, -3140, "T", "SMD", "$1N5420", "", "R", 31.75, 34.02, 0, 180],
		[224, "R20_1", 2470, -3109.66, "T", "SMD", "MCU_RF_D0", "", "R", 31.75, 34.02, 0, 90],
		[225, "R20_2", 2470, -3050.34, "T", "SMD", "RF_D0", "", "R", 31.75, 34.02, 0, 90],
		[226, "R21_1", 2390, -3109.66, "T", "SMD", "MCU_RF_D1", "", "R", 31.75, 34.02, 0, 90],
		[227, "R21_2", 2390, -3050.34, "T", "SMD", "RF_D1", "", "R", 31.75, 34.02, 0, 90],
		[228, "R22_1", 2310, -3109.66, "T", "SMD", "MCU_RF_D2", "", "R", 31.75, 34.02, 0, 90],
		[229, "R22_2", 2310, -3050.34, "T", "SMD", "RF_D2", "", "R", 31.75, 34.02, 0, 90],
		[230, "R23_1", 1970.34, -2940, "T", "SMD", "MCU_RF_D3", "", "R", 31.75, 34.02, 0, 0],
		[231, "R23_2", 2029.66, -2940, "T", "SMD", "RF_D3", "", "R", 31.75, 34.02, 0, 0],
		[232, "R24_1", 3070, -3440.34, "T", "SMD", "I2C_SCL", "", "R", 31.75, 34.02, 0, 270],
		[233, "R24_2", 3070, -3499.66, "T", "SMD", "VCC", "", "R", 31.75, 34.02, 0, 270],
		[234, "R25_1", 2990, -3499.66, "T", "SMD", "MCU_I2C_SCL", "", "R", 31.75, 34.02, 0, 90],
		[235, "R25_2", 2990, -3440.34, "T", "SMD", "I2C_SCL", "", "R", 31.75, 34.02, 0, 90],
		[236, "R26_1", 2990, -3359.66, "T", "SMD", "MCU_I2C_SDA", "", "R", 31.75, 34.02, 0, 90],
		[237, "R26_2", 2990, -3300.34, "T", "SMD", "I2C_SDA", "", "R", 31.75, 34.02, 0, 90],
		[238, "R27_1", 3070, -3300.34, "T", "SMD", "VCC", "", "R", 31.75, 34.02, 0, 270],
		[239, "R27_2", 3070, -3359.66, "T", "SMD", "I2C_SDA", "", "R", 31.75, 34.02, 0, 270],
		[240, "R28_1", 3630, -3752.02, "T", "SMD", "$2N2418", "", "R", 31.75, 34.02, 0, 270],
		[241, "R28_2", 3630, -3811.34, "T", "SMD", "$2N2416", "", "R", 31.75, 34.02, 0, 270],
		[242, "R29_1", 3590, -3460.34, "T", "SMD", "GND", "GND", "R", 31.75, 34.02, 0, 270],
		[243, "R29_2", 3590, -3519.66, "T", "SMD", "$2N2519", "", "R", 31.75, 34.02, 0, 270],
		[244, "R30_1", 3670, -3519.66, "T", "SMD", "$2N2519", "", "R", 31.75, 34.02, 0, 90],
		[245, "R30_2", 3670, -3460.34, "T", "SMD", "MCU_BUZZER_OUT", "", "R", 31.75, 34.02, 0, 90],
		[246, "R32_1", 2025, -3840.34, "T", "SMD", "GND", "GND", "R", 31.75, 34.02, 0, 270],
		[247, "R32_2", 2025, -3899.66, "T", "SMD", "$2N2755", "", "R", 31.75, 34.02, 0, 270],
		[248, "R33_1", 2105, -3899.66, "T", "SMD", "$2N2755", "", "R", 31.75, 34.02, 0, 90],
		[249, "R33_2", 2105, -3840.34, "T", "SMD", "MCU_PGM_OUT", "", "R", 31.75, 34.02, 0, 90],
		[250, "R34_1", 1440.34, -3840, "T", "SMD", "GND", "GND", "R", 31.75, 34.02, 0, 0],
		[251, "R34_2", 1499.66, -3840, "T", "SMD", "$2N3341", "", "R", 31.75, 34.02, 0, 0],
		[252, "R35_1", 1590.34, -3840, "T", "SMD", "$2N3341", "", "R", 31.75, 34.02, 0, 0],
		[253, "R35_2", 1649.66, -3840, "T", "SMD", "MCU_SIREN_OUT", "", "R", 31.75, 34.02, 0, 0],
		[254, "U1_1", 2076.77, -3299.76, "T", "SMD", "VCC", "", "O", 78.74, 17.72, 0, 0],
		[255, "U1_2", 2076.77, -3331.26, "T", "SMD", "BLUE_LED", "", "O", 78.74, 17.72, 0, 0],
		[256, "U1_3", 2076.77, -3362.76, "T", "SMD", "MCU_ARM_LED", "", "O", 78.74, 17.72, 0, 0],
		[257, "U1_4", 2076.77, -3394.25, "T", "SMD", "NRST", "", "O", 78.74, 17.72, 0, 0],
		[258, "U1_5", 2076.77, -3425.75, "T", "SMD", "VCC", "", "O", 78.74, 17.72, 0, 0],
		[259, "U1_6", 2076.77, -3457.24, "T", "SMD", "MCU_SIREN_OUT", "", "O", 78.74, 17.72, 0, 0],
		[260, "U1_7", 2076.77, -3488.74, "T", "SMD", "MCU_PGM_OUT", "", "O", 78.74, 17.72, 0, 0],
		[261, "U1_8", 2076.77, -3520.24, "T", "SMD", "MCU_TX", "", "O", 78.74, 17.72, 0, 0],
		[262, "U1_9", 2139.76, -3583.23, "T", "SMD", "MCU_RX", "", "O", 78.74, 17.72, 0, 90],
		[263, "U1_10", 2171.26, -3583.23, "T", "SMD", "MCU_ZONE_1", "", "O", 78.74, 17.72, 0, 90],
		[264, "U1_11", 2202.76, -3583.23, "T", "SMD", "MCU_ZONE_2", "", "O", 78.74, 17.72, 0, 90],
		[265, "U1_12", 2234.25, -3583.23, "T", "SMD", "MCU_ZONE_3", "", "O", 78.74, 17.72, 0, 90],
		[266, "U1_13", 2265.75, -3583.23, "T", "SMD", "MCU_ZONE_4", "", "O", 78.74, 17.72, 0, 90],
		[267, "U1_14", 2297.24, -3583.23, "T", "SMD", "MCU_SWITCH", "", "O", 78.74, 17.72, 0, 90],
		[268, "U1_15", 2328.74, -3583.23, "T", "SMD", "MCU_ADC_SWITCH", "", "O", 78.74, 17.72, 0, 90],
		[269, "U1_16", 2360.24, -3583.23, "T", "SMD", "GND", "GND", "O", 78.74, 17.72, 0, 90],
		[270, "U1_17", 2423.23, -3520.24, "T", "SMD", "VCC", "", "O", 78.74, 17.72, 0, 180],
		[271, "U1_18", 2423.23, -3488.74, "T", "SMD", "B-TOOTH_EN", "", "O", 78.74, 17.72, 0, 180],
		[272, "U1_19", 2423.23, -3457.24, "T", "SMD", "MCU_I2C_SCL", "", "O", 78.74, 17.72, 0, 180],
		[273, "U1_20", 2423.23, -3425.75, "T", "SMD", "MCU_I2C_SDA", "", "O", 78.74, 17.72, 0, 180],
		[274, "U1_21", 2423.23, -3394.25, "T", "SMD", "MCU_BUZZER_OUT", "", "O", 78.74, 17.72, 0, 180],
		[275, "U1_22", 2423.23, -3362.76, "T", "SMD", "MCU_ZONE_LED", "", "O", 78.74, 17.72, 0, 180],
		[276, "U1_23", 2423.23, -3331.26, "T", "SMD", "SWDIO", "", "O", 78.74, 17.72, 0, 180],
		[277, "U1_24", 2423.23, -3299.76, "T", "SMD", "SWCLK", "", "O", 78.74, 17.72, 0, 180],
		[278, "U1_25", 2360.24, -3236.77, "T", "SMD", "MCU_RF_D0", "", "O", 78.74, 17.72, 0, 270],
		[279, "U1_26", 2328.74, -3236.77, "T", "SMD", "MCU_RF_D1", "", "O", 78.74, 17.72, 0, 270],
		[280, "U1_27", 2297.24, -3236.77, "T", "SMD", "MCU_RF_D2", "", "O", 78.74, 17.72, 0, 270],
		[281, "U1_28", 2265.75, -3236.77, "T", "SMD", "MCU_RF_D3", "", "O", 78.74, 17.72, 0, 270],
		[282, "U1_29", 2234.25, -3236.77, "T", "SMD", "CONNECT_LED", "", "O", 78.74, 17.72, 0, 270],
		[283, "U1_30", 2202.76, -3236.77, "T", "SMD", "WDOG_LED", "", "O", 78.74, 17.72, 0, 270],
		[284, "U1_31", 2171.26, -3236.77, "T", "SMD", "MCU_BOOT", "", "O", 78.74, 17.72, 0, 270],
		[285, "U1_32", 2139.76, -3236.77, "T", "SMD", "GND", "GND", "O", 78.74, 17.72, 0, 270],
		[286, "U2_1", 3050, -2940, "T", "DIP", "VCC", "", "R", 66.93, 66.93, 43.31, 0],
		[287, "U2_1", 3050, -2940, "B", "DIP", "VCC", "", "R", 66.93, 66.93, 43.31, 0],
		[288, "U2_2", 3150, -2940, "T", "DIP", "SWCLK", "", "C", 66.93, 66.93, 43.31, 0],
		[289, "U2_2", 3150, -2940, "B", "DIP", "SWCLK", "", "C", 66.93, 66.93, 43.31, 0],
		[290, "U2_3", 3250, -2940, "T", "DIP", "GND", "GND", "C", 66.93, 66.93, 43.31, 0],
		[291, "U2_3", 3250, -2940, "B", "DIP", "GND", "GND", "C", 66.93, 66.93, 43.31, 0],
		[292, "U2_4", 3350, -2940, "T", "DIP", "SWDIO", "", "C", 66.93, 66.93, 43.31, 0],
		[293, "U2_4", 3350, -2940, "B", "DIP", "SWDIO", "", "C", 66.93, 66.93, 43.31, 0],
		[294, "U2_5", 3450, -2940, "T", "DIP", "NRST", "", "C", 66.93, 66.93, 43.31, 0],
		[295, "U2_5", 3450, -2940, "B", "DIP", "NRST", "", "C", 66.93, 66.93, 43.31, 0],
		[296, "U5_1", 719.92, -3357.52, "T", "SMD", "+12V", "", "R", 100, 50, 0, 270],
		[297, "U5_2", 809.92, -3062.48, "T", "SMD", "GND", "GND", "R", 240.16, 212.6, 0, 270],
		[298, "U5_3", 900.08, -3357.44, "T", "SMD", "+5V", "", "R", 100, 50, 0, 270],
		[299, "U6_1", 623.38, -4385, "T", "SMD", "$1N9908", "", "R", 78.74, 78.74, 0, 180],
		[300, "U6_2", 796.61, -4385, "T", "SMD", "+IN_12V", "", "R", 78.74, 78.74, 0, 180]
	]
}
}